,principle_score,concept_score,lab_validation_score,prototype_score,relevant_environment_score,operational_environment_score,commercialization_score
count,2114.0,2114.0,2114.0,2114.0,2114.0,2114.0,2114.0
mean,0.011116367076631977,0.09720908230842006,0.10567644276253547,0.04919583727530748,0.048249763481551564,0.025827814569536426,0.25818353831598867
std,0.053237652955762015,0.15482236219639292,0.13202683454031702,0.10435077027807618,0.10975497411102576,0.06957990814770824,0.10073892820084877
min,0.0,0.0,0.0,0.0,0.0,0.0,0.2
25%,0.0,0.0,0.0,0.0,0.0,0.0,0.2
50%,0.0,0.0,0.0,0.0,0.0,0.0,0.2
75%,0.0,0.25,0.2,0.0,0.0,0.0,0.4
max,0.5,1.0,0.4,0.5,0.75,0.4,0.8
